<pkgref spec="1.12" uuid="1A65BB1A-35AA-4FAB-ADD6-543D61DEB35F"><config><identifier>it.twick.dictionary.Twicktionary.pkg</identifier><version>1</version><description></description><post-install type="none"/><requireAuthorization/><installFrom relative="true" mod="true" includeRoot="true">objects/Twicktionary.dictionary</installFrom><installTo mod="true">/Library/Dictionaries</installTo><flags><followSymbolicLinks/></flags><packageStore type="internal"></packageStore><mod>installFrom.isAbsoluteType</mod><mod>scripts.preinstall.path</mod><mod>installTo</mod><mod>scripts.postinstall.path</mod><mod>includeRoot</mod><mod>installTo.isRelativeType</mod><mod>installTo.isAbsoluteType</mod><mod>scripts.preinstall.isRelativeType</mod><mod>parent</mod><mod>version</mod><mod>installFrom.isRelativeType</mod><mod>identifier</mod><mod>relocatable</mod><mod>requireAuthorization</mod><mod>installFrom.path</mod><mod>installTo.path</mod></config><scripts><preinstall relative="true" mod="true">preinstall.sh</preinstall><postinstall relative="true" mod="true">postinstall.sh</postinstall></scripts><contents><component id="it.twick.dictionary" path="/Developer/Extras/Dictionary Development Kit/twickit/objects/Twicktionary.dictionary"/><filter>/CVS$</filter><filter>/\.svn$</filter><filter>/\.cvsignore$</filter><filter>/\.cvspass$</filter><filter>/\.DS_Store$</filter></contents></pkgref>