<pkmkdoc spec="1.12"><properties><title>Twicktionary</title><build>/Users/simon/Desktop/Twicktionary.pkg</build><organization>it.twick</organization><userSees ui="easy"/><min-target os="3"/><domain anywhere="true" system="true" user="true"/></properties><distribution><versions min-spec="1.000000"/><scripts></scripts></distribution><description>Dictionary plugin for Apple Dictionary.app</description><contents><choice title="Twicktionary" id="choice0" starts_selected="true" starts_enabled="true" starts_hidden="false"><pkgref id="it.twick.dictionary.Twicktionary.pkg"/></choice></contents><resources bg-scale="none" bg-align="topleft"><locale lang="de"><resource relative="true" mod="true" type="background">dictionary.app.png</resource><resource relative="true" mod="true" type="license">gplv3_de.rtf</resource><resource mime-type="text/rtf" kind="embedded" type="welcome"><![CDATA[{\rtf1\ansi\ansicpg1252\cocoartf1038\cocoasubrtf350
{\fonttbl\f0\fnil\fcharset0 LucidaGrande;}
{\colortbl;\red255\green255\blue255;\red0\green0\blue238;}
\deftab720
\pard\pardeftab720\sa80\ql\qnatural

\f0\b\fs36 \cf0 Twicktionary Lexikon-Plugin
\fs38 \

\b0\fs28 \
\pard\pardeftab720\sa320\ql\qnatural

\fs26 \cf0 Dieses Plugin erweitert Apples Lexikon-Programm (Dictionary.app) um die Erkl\'e4rungen aus 
\b Twick.it
\b0 .\
Die vom Plugin bereitgestellten Erkl\'e4rungen basieren auf {\field{\*\fldinst{HYPERLINK "http://twick.it/"}}{\fldrslt \cf2 \ul \ulc2 Twick.it}} von Markus M\'f6ller und Sean Kollak.\
Das PHP-Skript zur Umwandlung der Erkl\'e4rungen in ein Apple-Lexikon-Plugin wurde von Twick.it-User {\field{\*\fldinst{HYPERLINK "http://twick.it/user/simon"}}{\fldrslt 
\b Simon}} entwickelt.\
Vielen Dank an {\field{\*\fldinst{HYPERLINK "http://www.tekl.de"}}{\fldrslt 
\b Wolfgang Reszel}} f\'fcr den Installer.\

\itap1\trowd \taflags1 \trgaph108\trleft-108 \trbrdrt\brdrnil \trbrdrl\brdrnil \trbrdrr\brdrnil 
\clvertalc \clshdrawnil \clwWidth5120\clftsWidth3 \clbrdrt\brdrnil \clbrdrl\brdrnil \clbrdrb\brdrnil \clbrdrr\brdrnil \clpadl100 \clpadr100 \gaph\cellx4320
\clvertalc \clshdrawnil \clwWidth2280\clftsWidth3 \clbrdrt\brdrnil \clbrdrl\brdrnil \clbrdrb\brdrnil \clbrdrr\brdrnil \clpadl100 \clpadr100 \gaph\cellx8640
\pard\intbl\itap1\pardeftab720\ql\qnatural

\b \cf0 Updates & Support: {\field{\*\fldinst{HYPERLINK "http://dict.twick.it/"}}{\fldrslt dict.twick.it}}\cell 
\pard\intbl\itap1\pardeftab720\ql\qnatural
\cf0 \cell \row

\itap1\trowd \taflags1 \trgaph108\trleft-108 \trbrdrl\brdrnil \trbrdrt\brdrnil \trbrdrr\brdrnil 
\clmgf \clvertalc \clshdrawnil \clwWidth5120\clftsWidth3 \clheight80 \clbrdrt\brdrnil \clbrdrl\brdrnil \clbrdrb\brdrnil \clbrdrr\brdrnil \clpadl100 \clpadr100 \gaph\cellx4320
\clmrg \clvertalc \clshdrawnil \clwWidth5120\clftsWidth3 \clheight80 \clbrdrt\brdrnil \clbrdrl\brdrnil \clbrdrb\brdrnil \clbrdrr\brdrnil \clpadl100 \clpadr100 \gaph\cellx8640
\pard\intbl\itap1\pardeftab720\ql\qnatural
\cf0 \cell 
\pard\intbl\itap1\cell \lastrow\row
\pard\pardeftab720\ql\qnatural

\b0\fs22 \cf0 \
Die Erkl\'e4rungen (Twicks) von Twick.it unterliegen der
\fs20  {\field{\*\fldinst{HYPERLINK "http://creativecommons.org/licenses/by/3.0/de/"}}{\fldrslt CC-BY 3.0}}.\
Das Lexikon-Plugin selbst unterliegt der GPLv3 (siehe n\'e4chste Seite).}]]></resource><resource relative="true" mod="true" type="conclusion">finishup_de.rtfd</resource></locale></resources><requirements><requirement id="sosv" operator="ge" value="'10.5'"><message-title>Installation nicht möglich</message-title><message>Sie benötigen OS X 10.5 (Leopard) oder höher.\n\nInstallation not possible!\nYou need OS X 10.5 (Leopard) or later.</message></requirement><requirement id="tosv" operator="ge" value="'10.5'"><message>Bitte wählen Sie ein Volume, wo OS X 10.5 (Leopard) installiert ist.\n\nPlease select a Volume where OS X 10.5 (Leopard) is installed.</message></requirement></requirements><flags/><preinstall><action id="com.apple.packagemaker.actions.getapplication"><item1-title>com.apple.Dictionary</item1-title><item2-title>Dictionary</item2-title></action><action id="com.apple.packagemaker.actions.quitapplication"/><action id="com.apple.packagemaker.actions.getapplication"><item1-title>com.apple.DictionaryPanel</item1-title><item2-title>DictionaryPanel</item2-title></action><action id="com.apple.packagemaker.actions.quitapplication"/></preinstall><postinstall><action id="com.apple.packagemaker.actions.openfile"><value>/Applications/Dictionary.app</value><type>absolute-path</type></action></postinstall><item type="file">01twicktionary.xml</item><mod>description</mod><mod>properties.title</mod><mod>properties.anywhereDomain</mod><mod>properties.userDomain</mod><mod>preinstallActions.actions</mod><mod>properties.customizeOption</mod><mod>postinstallActions.actions</mod><mod>properties.systemDomain</mod></pkmkdoc>